{"AlSi10Mg": {"pow_lb": 100.0, "pow_ub": 400.0, "pow_interval": 100.0, "pow_num_intervals": 4, "speed_lb": 0.75, "speed_ub": 2.25, "speed_interval": 0.75, "speed_num_intervals": 3, "const": 0.49, "rho": 2670.0, "cp": 910.0, "temp_change": 572.0, "conductivity": 140.0, "ts": 830.15, "t0": 298.0, "hf": 476500.0, "a": 0.32, "thermal_diffusivity": 5.762028233938346e-05, "sigma": 7.5e-05, "melt_pool_depth_coefficient": 5.9e-06, "experiment_data": {"100.0,0.75": [0.0001, 0.0001], "100.0,1.5": [0.0001, 0.0001], "100.0,2.25": [0.0001, 0.0001], "200.0,0.75": [7.5e-05, 0.000125], "200.0,1.5": [7.5e-05, 0.000125], "200.0,2.25": [7.5e-05, 0.000125], "300.0,0.75": [9.999999999999999e-05, 0.00015], "300.0,1.5": [9.999999999999999e-05, 0.00015], "300.0,2.25": [9.999999999999999e-05, 0.00015], "400.0,0.75": [0.00015, 0.0001], "400.0,1.5": [0.00015, 0.00019999999999999998], "400.0,2.25": [0.00015, 0.00019999999999999998]}}, "DummyMetal2": {"pow_lb": 100.0, "pow_ub": 400.0, "pow_interval": 100.0, "speed_lb": 0.75, "speed_ub": 2.25, "speed_interval": 0.75, "const": 0.49, "rho": 2670.0, "cp": 910.0, "temp_change": 572.0, "conductivity": 140.0, "ts": 830.15, "t0": 298.0, "hf": 476500.0, "a": 0.32, "thermal_diffusivity": 5.762028233938346e-05, "sigma": 9.999999999999999e-05, "melt_pool_depth_coefficient": 5.9e-06, "experiment_data": {"100.0,0.75": [0.0001, 0.0001], "100.0,1.5": [0.0001, 0.0001], "100.0,2.25": [0.0001, 0.0001], "200.0,0.75": [7.5e-05, 0.000125], "200.0,1.5": [7.5e-05, 0.000125], "200.0,2.25": [7.5e-05, 0.000125], "300.0,0.75": [9.999999999999999e-05, 0.00015], "300.0,1.5": [9.999999999999999e-05, 0.00015], "300.0,2.25": [9.999999999999999e-05, 0.00015], "400.0,0.75": [0.00015, 0.0001], "400.0,1.5": [0.00015, 0.00019999999999999998], "400.0,2.25": [0.00015, 0.00019999999999999998]}}}